-- phpMyAdmin SQL Dump
-- version 3.5.8.2
-- http://www.phpmyadmin.net
--
-- Host: sql311.rf.gd
-- Generation Time: Aug 15, 2017 at 11:54 PM
-- Server version: 5.6.35-81.0
-- PHP Version: 5.3.3

SET SQL_MODE="NO_AUTO_VALUE_ON_ZERO";
SET time_zone = "+00:00";


/*!40101 SET @OLD_CHARACTER_SET_CLIENT=@@CHARACTER_SET_CLIENT */;
/*!40101 SET @OLD_CHARACTER_SET_RESULTS=@@CHARACTER_SET_RESULTS */;
/*!40101 SET @OLD_COLLATION_CONNECTION=@@COLLATION_CONNECTION */;
/*!40101 SET NAMES utf8 */;

--
-- Database: `sipti`
--

-- --------------------------------------------------------

--
-- Table structure for table `inventory`
--

CREATE TABLE IF NOT EXISTS `inventory` (
  `kode_barang` varchar(12) NOT NULL DEFAULT '',
  `nama_barang` varchar(30) DEFAULT NULL,
  `harga` int(7) DEFAULT NULL,
  `stok` int(3) DEFAULT NULL,
  PRIMARY KEY (`kode_barang`)
) ENGINE=MyISAM DEFAULT CHARSET=latin1;

--
-- Dumping data for table `inventory`
--

INSERT INTO `inventory` (`kode_barang`, `nama_barang`, `harga`, `stok`) VALUES
('1562341200', 'RACE, BALL 2', 27000, 0),
('1642221600', 'BUSH, REAR SHOCK ABSORBER', 19000, 0),
('18G2341100', 'RACE, BALL 1', 70000, 0),
('1AA1211800', 'COTTER, VALVE', 8500, 0),
('1P71410500', 'PILOT SCREW SET', 125000, 0),
('1P71414700', 'O-RING', 61000, 0),
('1P71414G00', 'PIPE, MAIN BLEED', 187000, 0),
('1P71419600', 'PIPE', 210000, 0),
('1P71437000', 'PLUNGER STARTER ASSY', 733000, 0),
('1P71490700', 'BODY, STARTER', 1561000, 0),
('1P71490J00', 'NEEDLE SET', 186000, 0),
('1P71491900', 'CLIP', 133000, 0),
('1P71494000', 'DIAPHRAGM ASSY', 358000, 0),
('1P72212400', 'BUSH 2', 220000, 0),
('1P78256000', 'THERMO SWITCH ASSY', 277000, 0),
('1P7E139100', 'BOLT, STUD 1', 43000, 0),
('1P7E358500', 'MANIFOLD', 266000, 0),
('1P7E441100', 'CASE, AIR CLEANER 1', 40000, 0),
('1P7E445300', 'JOINT, AIR CLEANER 1', 120000, 0),
('1P7E533300', 'COVER', 87000, 0),
('1P7F155200', 'FENDER, INNER', 131000, 0),
('1P7F161100', 'FENDER, REAR', 114000, 0),
('1P7F314100', 'SPRING, FRONT FORK', 32000, 0),
('1P7F611001', 'HANDLE COMP.', 160000, 0),
('1P7F748100', 'BOARD, FOOTREST', 57000, 0),
('1P7F748300', 'MAT 1', 77000, 0),
('1P7F748400', 'MAT 2', 77000, 0),
('1P7F748800', 'BOARD, FOOTREST 2', 57000, 0),
('1P7F838500', 'COVER, LOWER', 141000, 0),
('1P7F842N00', 'COVER 2', 95000, 0),
('1P7H411V00', 'CAP', 7000, 0),
('1P7H466J00', 'O-RING 3', 10000, 0),
('1S7F173710', 'EMBLEM', 4500, 0),
('1T8F315600', 'CLIP, OIL SEAL', 3000, 0),
('1YT8351700', 'BULB (12V-1.7W T10)', 12000, 0),
('22F1215110', 'ARM, VALVE ROCKER', 86000, 0),
('22F1215900', 'SCREW, VALVE ADJUSTING', 20000, 0),
('22F1413900', 'CLIP, PIPE', 5000, 0),
('22F2341101', 'RACE, BALL 1', 26000, 0),
('22F2341201', 'RACE, BALL 2', 24000, 0),
('24G1766400', 'PIN, GUIDE', 12000, 0),
('278F318150', 'BOLT, HEXAGON SOCKET HEAD', 31000, 0),
('2D5E354200', 'HOSE, VACUUM SENSING 1', 11000, 0),
('2D5E461000', 'EXHAUST PIPE ASSY 1', 149000, 0),
('2D5E471800', 'PROTECTOR, MUFFLER 1', 150000, 0),
('2D5E472800', 'PROTECTOR, MUFFLER 2', 57000, 0),
('2D5E488100', 'HOSE, BEND 1', 7500, 0),
('2D5E488200', 'HOSE, BEND 2', 33000, 0),
('2D5E490100', 'CARBURETOR ASSY 1', 1252000, 0),
('2D5F111001', 'FRAME COMP.', 1269000, 0),
('2D5F117M00', 'COVER 2', 9000, 0),
('2D5F151100P2', 'FENDER, FRONT', 98000, 0),
('2D5F17110035', 'COVER, SIDE 1', 82000, 0),
('2D5F171E0033', 'COVER, SIDE 5', 38000, 0),
('2D5F17210035', 'COVER, SIDE 2', 80000, 0),
('2D5F17310033', 'COVER, SIDE 3', 113000, 0),
('2D5F173E00', 'GRAPHIC 1', 40000, 0),
('2D5F173F00', 'GRAPHIC 2', 40000, 0),
('2D5F17410033', 'COVER, SIDE 4', 113000, 0),
('2D5F174G00', 'GRAPHIC 3', 53000, 0),
('2D5F174H00', 'GRAPHIC 4', 57000, 0),
('2D5F174J00', 'GRAPHIC 5', 27000, 0),
('2D5F174K00', 'GRAPHIC 6', 27000, 0),
('2D5F176E10', 'PLATE', 73000, 0),
('2D5F216300', 'BRACKET', 24000, 0),
('2D5F219X00', 'COVER', 33000, 0),
('2D5F221000', 'SHOCK ABSORBER ASSY, REAR', 168000, 0),
('2D5F310000', 'FRONT FORK ASSY', 1322000, 0),
('2D5F411000', 'FUEL TANK COMP.', 202000, 0),
('2D5F414A00', 'COVER, FILLER', 148000, 0),
('2D5F470F00', 'SEAT COVER COMP.', 92000, 0),
('2D5F472800', 'BRACKET, SEAT', 10500, 0),
('2D5F473000', 'DOUBLE SEAT ASSY', 279000, 0),
('2D5F47730035', 'HANDLE, SEAT', 269000, 0),
('2D5F478E00', 'CABLE, SEAT LOCK', 40000, 0),
('2D5F51680035', 'CAST WHEEL, FRONT', 684000, 0),
('2D5F53380135', 'CAST WHEEL, REAR', 781000, 0),
('2D5F587200', 'HOSE, BRAKE 1', 203000, 0),
('2D5F587500', 'HOLDER, BRAKE HOSE 1', 33000, 0),
('2D5F587600', 'HOLDER, BRAKE HOSE 2', 36000, 0),
('2D5F588600', 'HOLDER, BRAKE HOSE', 20000, 0),
('2D5F614300P2', 'COVER, HANDLEBAR UPPER 1', 136000, 0),
('2D5F614500P2', 'COVER HANDLEBAR UPPER 2', 123000, 0),
('2D5F619900', 'PLUG, BLIND', 10000, 0),
('2D5F631110', 'CABLE, THROTTLE 1', 80000, 0),
('2D5F635110', 'CABLE, BRAKE', 54000, 0),
('2D5F711100', 'STAND, MAIN', 138000, 0),
('2D5F731400', 'STOPPER', 7000, 0),
('2D5F732100', 'BRACKET, SIDE STAND', 85000, 0),
('2D5F743000', 'REAR FOOTREST ASSY 1', 153000, 0),
('2D5F744000', 'REAR FOOTREST ASSY 2', 153000, 0),
('2D5F745300', 'BRACKET, FOOTREST 1', 102000, 0),
('2D5F746200', 'BRACKET, FOOTREST 2', 98000, 0),
('2D5F830000P2', 'LEG SHIELD ASSY', 374000, 0),
('2D5F831110P2', 'LEG SHIELD 1', 348000, 0),
('2D5F834E00', 'DAMPER 1', 7000, 0),
('2D5F835600', 'STAY 1', 157000, 0),
('2D5F837300', 'COLLAR', 5000, 0),
('2D5F839100', 'GRAPHIC 1', 24000, 0),
('2D5F839200', 'GRAPHIC 2', 24000, 0),
('2D5F839300', 'GRAPHIC 3', 20000, 0),
('2D5F839400', 'GRAPHIC 4', 20000, 0),
('2D5H196000', 'RECTIFIER & REGULATOR ASSY', 173000, 0),
('2D5H211600', 'WIRE, MINUS LEAD', 37000, 0),
('2D5H250110', 'MAIN SWITCH STEERING LOCK', 237000, 0),
('2D5H259010', 'WIRE HARNESS ASSY', 233000, 0),
('2D5H335000', 'FLASHER RELAY ASSY', 52000, 0),
('2D5H350900', 'SOCKET CORD ASSY', 54000, 0),
('2D5H351000', 'SPEEDOMETER ASSY', 399000, 0),
('2D5H355000', 'SPEEDOMETER CABLE ASSY', 37000, 0),
('2D5H397200', 'SWITCH, HANDLE 4', 206000, 0),
('2D5H414700', 'BULB, PILOT LIGHT (12V-3.4W)', 8000, 0),
('2D5H431200', 'CORD ASSY', 116000, 0),
('2D5H439700', 'COVER, SOCKET', 13000, 0),
('2D5H454E00', 'BRACKET, NUMBER PLATE', 39000, 0),
('2D5H470000', 'TAILLIGHT ASSY', 220000, 0),
('2D5H472100', 'LENS, TAILLIGHT', 47000, 0),
('2D5H472300', 'GASKET, TAIL LENS', 6000, 0),
('2D5H474300', 'LENS, LICENSE LIGHT', 34000, 0),
('2D5H554000', 'C.D.I. UNIT ASSY', 470000, 0),
('2D5H554600', 'BAND', 9500, 0),
('2D5WH43000', 'HEADLIGHT ASSY', 545000, 0),
('2D5WH43A00', 'HEADLIGHT UNIT ASSY', 363000, 0),
('2JGF314700', 'O-RING', 4500, 0),
('2JGF315700', 'RING, PISTON', 7500, 0),
('2P2F628000', 'REAR VIEW MIRROR ASSY (LEFT)', 38000, 0),
('2P2F629000', 'REAR VIEW MIRROR ASSY (RIGHT)', 38000, 0),
('33M1211700', 'RETAINER, VALVE SPRING', 21000, 0),
('3531418600', 'PIN, FLOAT', 19000, 0),
('3AYF314500', 'OIL SEAL', 23000, 0),
('3AYF518101', 'AXLE, WHEEL', 17000, 0),
('3AYH393610', 'BAND, SWITCH CORD', 5500, 0),
('3G21423E39', 'JET, MAIN (#98.8)', 51000, 0),
('3KWH180100', 'BRUSH SET', 233000, 0),
('3RSH393600', 'BAND, SWITCH CORD', 4000, 0),
('3UH1414600', 'PLATE', 25000, 0),
('3UHH182801', 'BOLT 2', 21000, 0),
('3XAF341600', 'COVER, BALL RACE 2', 9500, 0),
('3XG1768400', 'SEAT, SECONDARY SPRING', 143000, 0),
('42H1471410', 'GASKET, MUFFLER', 55000, 0),
('42X8215100', 'FUSE (10A-BL)', 18000, 0),
('4ACH471700', 'BULB (12V-21/5W)', 18000, 0),
('4CWE215700', 'BOLT', 24000, 0),
('4ESW004710', 'CALIPER SEAL KIT', 173000, 0),
('4JG1426100', 'HOLDER', 35000, 0),
('4STE118600', 'COVER, CYLINDER HEAD SIDE 2', 14000, 0),
('4STE215600', 'SHAFT, ROCKER 2', 13000, 0),
('4STE443E00', 'PIPE, DRAIN', 4000, 0),
('4STF151800', 'HOLDER, CABLE', 6500, 0),
('4STH213100', 'BAND, BATTERY', 6500, 0),
('4STH398010', 'FRONT STOP SWITCH ASSY', 29000, 0),
('4SV2445300', 'SCREW', 6000, 0),
('4TT2591900', 'SUPPORT, PAD', 124000, 0),
('4TT2593700', 'BOOT 2', 66000, 0),
('4TTF450000', 'FUEL COCK ASSY 1', 142000, 0),
('4TTF585400', 'DIAPHRAGM, RESERVOIR', 32000, 0),
('4TTH392200', 'LEVER 2', 82000, 0),
('4TTW004100', 'CYLINDER KIT, MASTER', 398000, 0),
('4TTW005700', 'PISTON ASSY, CALIPER', 251000, 0),
('4USF580U00', 'CALIPER ASSY (RIGHT)', 782000, 0),
('4USF619900', 'PLUG, BLIND', 6500, 0),
('4USH575300', 'GASKET, SENDER UNIT', 12000, 0),
('4USW004500', 'BRAKE PAD KIT', 74000, 0),
('4VP1763200', 'WEIGHT', 10000, 0),
('4X82451200', 'O-RING', 18000, 0),
('4YYF461000', 'CAP ASSY', 19000, 0),
('4YYF461200', 'GASKET, CAP', 4000, 0),
('4YYF711400', 'STOPPER, MAIN STAND', 7500, 0),
('509F3158L0', 'GASKET', 5000, 0),
('51LW004800', 'BLEED SCREW KIT', 39000, 0),
('56AF586700', 'BRACKET, MASTER CYLINDER', 31000, 0),
('5AP1428000', 'COVER, CARBURETOR', 259000, 0),
('5AP1494000', 'DIAPHRAGM ASSY', 147000, 0),
('5ERH575700', 'RETAINER', 5500, 0),
('5G2F586800', 'BOOT, MASTER CYLINDER', 23000, 0),
('5HK1414700', 'O-RING', 40000, 0),
('5HK1427500', 'SPRING', 9500, 0),
('5HK1498500', 'FLOAT', 208000, 0),
('5HVH331100', 'BULB, FLASHER (12V-10W)', 12000, 0),
('5JW2591400', 'PIN, SLIDE', 79000, 0),
('5LLH331100', 'BULB, FLASHER (12V-10W)', 12000, 0),
('5LLH431400', 'BULB, HEADLIGHT (12V-25/25W)', 18000, 0),
('5LMF311100', 'BOLT, CAP', 43000, 0),
('5LMF314400', 'SEAL, DUST', 23000, 0),
('5LMF315200', 'SPRING, SUB', 7000, 0),
('5LMF334600', 'BOLT 1', 19000, 0),
('5LMF743100', 'FOOTREST, REAR 1', 30000, 0),
('5LMF743300', 'COVER, REAR FOOTREST', 12000, 0),
('5LMF744100', 'FOOTREST, REAR 2', 29000, 0),
('5LMF744400', 'COVER, REAR FOOTREST', 13000, 0),
('5LMF744500', 'PLATE 1', 6500, 0),
('5LMF810010', 'TOOL KIT', 70000, 0),
('5LW1113310', 'GUIDE, VALVE 1', 154000, 0),
('5LW1113410', 'GUIDE, VALVE 2', 154000, 0),
('5LW1410300', 'THROTTLE SCREW SET', 70000, 0),
('5LW1414115', 'NOZZLE, MAIN', 267000, 0),
('5LW1414700', 'O-RING', 44000, 0),
('5LW1415000', 'NEEDLE ASSY', 170000, 0),
('5LW1419100', 'PLUG, DRAIN', 35000, 0),
('5LW1458900', 'SPRING', 44000, 0),
('5LW1491910', 'CLIP', 115000, 0),
('5LW1547900', 'SPRING', 20000, 0),
('5LW1552100', 'SHAFT 1', 14000, 0),
('5LW1565901', 'SHAFT', 18000, 0),
('5LW1661101', 'CLUTCH HOUSING COMP.', 376000, 0),
('5LW1662002', 'CLUTCH CARRIER ASSY', 632000, 0),
('5LW1765300', 'SLIDER', 11000, 0),
('5LW1766000', 'SECONDARY FIXED SHEAVE COMP.', 851000, 0),
('5LW1767000', 'SECONDARY SLIDING SHEAVE', 299000, 0),
('5LW2441100', 'DIAPHRAGM', 212000, 0),
('5LW2478000', 'SEAT LOCK ASSY', 264000, 0),
('5LWE111F00', 'PLATE', 7000, 0),
('5LWE115500', 'SEAL, LABYRINTH', 11000, 0),
('5LWE116500', 'PLATE, BREATHER', 17000, 0),
('5LWE118100', 'GASKET, CYLINDER HEAD 1', 13000, 0),
('5LWE118500', 'COVER, CYLINDER HEAD SIDE 1', 51000, 0),
('5LWE131000', 'CYLINDER', 221000, 0),
('5LWE211100', 'VALVE, INTAKE', 41000, 0),
('5LWE212100', 'VALVE, EXHAUST', 62000, 0),
('5LWE217010', 'CAMSHAFT ASSY 1', 302000, 0),
('5LWE261100', 'FAN', 16000, 0),
('5LWE263100', 'DEFLECTOR 1', 10500, 0),
('5LWE265100', 'AIR SHROUD, CYLINDER 1', 10000, 0),
('5LWE265200', 'AIR SHROUD, CYLINDER 2', 13000, 0),
('5LWE265300', 'AIR SHROUD, CYLINDER 3', 14000, 0),
('5LWE265800', 'DAMPER, AIR SHROUD 1', 12000, 0),
('5LWE265902', 'DAMPER, AIR SHROUD 2', 20000, 0),
('5LWE266802', 'DAMPER, AIR SHROUD 3', 22000, 0),
('5LWE318500', 'BOLT, BREATHER', 7000, 0),
('5LWE332500', 'GEAR, PUMP DRIVEN', 30000, 0),
('5LWE341100', 'STRAINER, OIL', 32000, 0),
('5LWE341600', 'PIPE, OIL 1', 10500, 0),
('5LWE345200', 'COVER, ROTOR FILTER', 7000, 0),
('5LWE347500', 'GASKET', 6000, 0),
('5LWE356900', 'PLUG, BLIND', 6000, 0),
('5LWE376900', 'O-RING', 3000, 0),
('5LWE441200', 'CAP, CLEANER CASE 1', 35000, 0),
('5LWE441700', 'COVER 1', 23000, 0),
('5LWE443500', 'GROMMET', 7000, 0),
('5LWE443E00', 'PIPE, DRAIN', 6000, 0),
('5LWE444900', 'COLLAR', 6500, 0),
('5LWE445200', 'SEAL', 14000, 0),
('5LWE498700', 'HOSE', 24000, 0),
('5LWE511300', 'PLATE', 9500, 0),
('5LWE515006', 'CRANKCASE ASSY', 515000, 0),
('5LWE519100', 'PLATE', 10500, 0),
('5LWE532600', 'DAMPER, ENGINE MOUNT 2', 5000, 0),
('5LWE533500', 'DAMPER 3', 5000, 0),
('5LWE535100', 'PLUG, DRAIN', 7500, 0),
('5LWE536200', 'PLUG, OIL LEVEL', 12000, 0),
('5LWE536300', 'PLUG, OIL', 5500, 0),
('5LWE537101', 'BREATHER', 4000, 0),
('5LWE537301', 'PIPE, BREATHER', 6500, 0),
('5LWE540400', 'GUIDE, ELEMENT', 5000, 0),
('5LWE540701', 'ELEMENT 1', 19000, 0),
('5LWE540800', 'ELEMENT 2', 9500, 0),
('5LWE541100', 'COVER, CRANKCASE 1', 257000, 0),
('5LWE541300', 'COVER', 25000, 0),
('5LWE541700', 'COVER, CAP', 65000, 0),
('5LWE542100', 'COVER, CRANKCASE 2', 100000, 0),
('5LWE545100', 'GASKET, CRANKCASE 1', 34000, 0),
('5LWE545300', 'GASKET', 18000, 0),
('5LWE546100', 'GASKET, CRANKCASE COVER 2', 20000, 0),
('5LWE547100', 'DUCT, AIR', 87000, 0),
('5LWE547200', 'SEAL, AIR DUCT', 12000, 0),
('5LWE547300', 'DUCT, AIR', 35000, 0),
('5LWE547500', 'DUCT, AIR', 40000, 0),
('5LWE549200', 'COVER', 136000, 0),
('5LWE549400', 'SEAL, PROTECTOR', 6000, 0),
('5LWE553200', 'PLATE, IDLE GEAR', 19000, 0),
('5LWE611100', 'GEAR, PRIMARY DRIVE', 175000, 0),
('5LWE761101', 'SHEAVE, PRIMARY FIXED', 35000, 0),
('5LWE762000', 'PRIMARY SLIDING SHEAVE COMP.', 65000, 0),
('5LWF155300', 'FENDER, INNER 2', 24000, 0),
('5LWF217120', 'ARM, REAR 1', 267000, 0),
('5LWF473R10', 'BOX 1', 179000, 0),
('5LWF532601', 'PIN, PIVOT', 20000, 0),
('5LWF535500', 'LEVER, CAMSHAFT', 14000, 0),
('5LWF583T01', 'MASTER CYLINDER ASSY', 589000, 0),
('5LWF585200', 'CAP, RESERVOIR', 23000, 0),
('5LWF585B00', 'PLATE, DIAPHRAGM', 9500, 0),
('5LWF624000', 'GRIP ASSY', 29000, 0),
('5LWF633200', 'BOLT', 10000, 0),
('5LWF725400', 'HOOK', 5500, 0),
('5LWF825710', 'HOOK 1', 23000, 0),
('5LWH141000', 'STATOR ASSY', 316000, 0),
('5LWH145001', 'ROTOR ASSY', 317000, 0),
('5LWH180002', 'STARTING MOTOR ASSY', 611000, 0),
('5LWH183G00', 'CORD COMP.', 24000, 0),
('5LWH231001', 'IGNITION COIL ASSY', 70000, 0),
('5LWH291110', 'HOLDER, LEVER 1', 66000, 0),
('5LWH391210', 'LEVER 1', 27000, 0),
('5LWH397610', 'SWITCH, HANDLE 1', 95000, 0),
('5LWH398000', 'FRONT STOP SWITCH ASSY', 50000, 0),
('5MXE110200', 'CYLINDER HEAD ASSY', 434000, 0),
('5MXE114500', 'PLATE, BREATHER 2', 5000, 0),
('5MXE135100', 'GASKET, CYLINDER', 5500, 0),
('5MXE139100', 'BOLT, STUD 1', 19000, 0),
('5MXE160300', 'PISTON RING SET (STD)', 74000, 0),
('5MXE160500', 'PISTON RING SET (0.50MM O/S)', 74000, 0),
('5MXE160700', 'PISTON RING SET (1.00MM O/S)', 74000, 0),
('5MXE163100', 'PISTON (STD)', 61000, 0),
('5MXE163310', 'PIN, PISTON', 16000, 0),
('5MXE163600', 'PISTON (0.50MM O/S)', 61000, 0),
('5MXE163800', 'PISTON (1,00MM O/S)', 61000, 0),
('5MXE165101', 'ROD, CONNECTING', 109000, 0),
('5MXE168110', 'PIN, CRANK 1', 48000, 0),
('5MXE211300', 'SPRING, VALVE INNER', 15000, 0),
('5MXE211600', 'SEAT, VALVE SPRING', 9000, 0),
('5MXE211900', 'SEAL, VALVE STEM', 24000, 0),
('5MXE217600', 'SPROCKET, CAM CHAIN', 24000, 0),
('5MXE221000', 'TENSIONER ASSY, CAM CHAIN', 71000, 0),
('5MXE221300', 'GASKET, TENSIONER CASE', 7500, 0),
('5MXE224100', 'GUIDE, STOPPER 2', 105000, 0),
('5MXE330000', 'OIL PUMP ASSY', 101000, 0),
('5MXE347401', 'BAND', 7500, 0),
('5MXE355601', 'GASKET, MANIFOLD', 1500, 0),
('5MXE357501', 'BAND', 7500, 0),
('5MXE359510', 'JOINT', 30000, 0),
('5MXE461300', 'GASKET, EXHAUST PIPE', 12000, 0),
('5MXE471030', 'MUFFLER ASSY 1', 476000, 0),
('5MXE471400', 'GASKET, MUFFLER', 26000, 0),
('5MXE531500', 'SEAL, CRANKCASE', 7000, 0),
('5MXE531600', 'DAMPER, ENGINE MOUNT 1', 5000, 0),
('5MXE537900', 'SEAL, CRANKCASE', 17000, 0),
('5MXE549100', 'PROTECTOR', 22000, 0),
('5MXE549500', 'SEAL, PROTECTOR 1', 7000, 0),
('5MXE560110', 'KICK SHAFT ASSY', 204000, 0),
('5MXE562000', 'KICK CRANK ASSY', 53000, 0),
('5MXE565700', 'CLUTCH, ONEWAY', 26000, 0),
('5MXE567000', 'KICK PINION ASSY 2', 124000, 0),
('5MXE567300', 'CLIP', 12000, 0),
('5MXE721110', 'GEAR, 1ST WHEEL (43T)', 204000, 0),
('5MXE741010', 'MAIN AXLE COMP. (47T/12T)', 327000, 0),
('5MXE742110', 'AXLE, DRIVE', 304000, 0),
('5MXF141000', 'ENGINE BRACKET COMP.', 136000, 0),
('5MXF145900', 'SPACER', 60000, 0),
('5MXF148100', 'BOLT, ENGINE MOUNTING 1', 40000, 0),
('5MXF169100', 'FLAP', 32000, 0),
('5MXF212300', 'BUSH 1', 27000, 0),
('5MXF310800', 'EMBLEM', 39000, 0),
('5MXF311000', 'INNER TUBE COMP. 1', 142000, 0),
('5MXF312600', 'TUBE, OUTER (LEFT)', 262000, 0),
('5MXF313600', 'TUBE, OUTER (RIGHT)', 276000, 0),
('5MXF317000', 'CYLINDER COMP. FRONT FORK', 52000, 0),
('5MXF334000', 'UNDER BRACKET COMP.', 515000, 0),
('5MXF431101', 'PIPE, FUEL 1', 37000, 0),
('5MXF431200', 'PIPE 2', 44000, 0),
('5MXF472600', 'HINGE, SEAT', 24000, 0),
('5MXF474700', 'DAMPER, SEAT', 9500, 0),
('5MXF475M00', 'SEAL', 76000, 0),
('5MXF518100', 'AXLE, WHEEL', 23000, 0),
('5MXF519000', 'GEAR UNIT ASSY', 139000, 0),
('5MXF530K00', 'BRAKE SHOE SET', 45000, 0),
('5MXF533A00', 'PLATE, INDICATOR', 2000, 0),
('5MXF535100', 'CAMSHAFT', 50000, 0),
('5MXF637G00', 'HOLDER, WIRE', 6500, 0),
('5MXF711400', 'STOPPER, MAIN STAND', 7500, 0),
('5MXF712100', 'BUSH', 28000, 0),
('5MXF721400', 'STOPPER', 5500, 0),
('5MXF731100', 'STAND, SIDE', 34000, 0),
('5MXF810000', 'TOOL KIT', 83000, 0),
('5MXH194000', 'STARTER RELAY ASSY', 84000, 0),
('5MXH211501', 'WIRE, PLUS LEAD', 33000, 0),
('5MXH212B00', 'BOX, BATTERY 1', 10500, 0),
('5MXH213100', 'BAND, BATTERY', 7000, 0),
('5MXH237000', 'PLUG CAP ASSY', 46000, 0),
('5MXH255210', 'CAP, SWITCH', 12000, 0),
('5MXH337100', 'HORN', 62000, 0),
('5MXH575200', 'SENDER', 127000, 0),
('5MYE445100', 'ELEMENT, AIR CLEANER', 84000, 0),
('5MYE480310', 'AIR INDUCTION SYSTEM ASSY', 263000, 0),
('5MYE487210', 'PIPE 2', 529000, 0),
('5MYE487600', 'PIPE 6', 74000, 0),
('5MYH351100', 'LENS, SPEEDOMETER', 39000, 0),
('5MYH353F00', 'CASE, METER LOWER', 66000, 0),
('5SK1414220', 'JET, PILOT (#20)', 216000, 0),
('5SK1494500', 'PLATE', 159000, 0),
('5TL2341E00', 'RETAINER, BALL BEARING', 36000, 0),
('5TL2341E10', 'RETAINER, BALL BEARING', 35000, 0),
('5TLE140000', 'CRANKSHAFT ASSY', 715000, 0),
('5TLE141210', 'CRANK 1', 243000, 0),
('5TLE142210', 'CRANK 2', 253000, 0),
('5TLE332400', 'GEAR, PUMP DRIVE', 30000, 0),
('5TLE552400', 'WHEEL, STARTER', 160000, 0),
('5TLE565000', 'IDLE GEAR ASSY', 206000, 0),
('5TLE762300', 'CAM', 26000, 0),
('5TLE764101', 'V-BELT', 80000, 0),
('5TLF624100', 'GRIP', 13000, 0),
('5TPF582U00', 'DISK, BRAKE (RIGHT)', 174000, 0),
('5VVE223100', 'GUIDE, STOPPER 1', 55000, 0),
('5VVE557010', 'STARTER CLUMSY ASSY', 409000, 0),
('9010106278', 'BOLT', 5000, 0),
('9010110776', 'BOLT', 17000, 0),
('9010506069', 'BOLT, FLANGE', 8500, 0),
('9010508048', 'BOLT, FLANGE', 8000, 0),
('9010508121', 'BOLT, FLANGE', 6000, 0),
('9010510036', 'BOLT, FLANGE', 17000, 0),
('90109063F1', 'BOLT', 7500, 0),
('9010906577', 'BOLT', 15000, 0),
('9010906799', 'BOLT', 13000, 0),
('90109067E4', 'BOLT WITH WASHER', 6500, 0),
('9011006813', 'BOLT, HEXAGON WITH WASHER', 8000, 0),
('9011108815', 'BOLT, HEX. SOCKET BUTTON', 11000, 0),
('9011608806', 'BOLT, STUD', 5000, 0),
('9011905071', 'BOLT, WITH WASHER', 8500, 0),
('9011906018', 'BOLT, WITH WASHER', 7000, 0),
('9011906044', 'BOLT, WITH WASHER', 9000, 0),
('9011906054', 'BOLT, WITH WASHER', 5000, 0),
('9011908881', 'BOLT', 8000, 0),
('9014906011', 'SCREW', 15000, 0),
('9014910800', 'SCREW', 9500, 0),
('9015306803', 'SCREW, HEXAGON', 4500, 0),
('9015906067', 'SCREW, WITH WASHER', 8500, 0),
('9015906817', 'SCREW, WITH WASHER', 5500, 0),
('9015906842', 'SCREW, WITH WASHER', 5000, 0),
('9017005302', 'NUT', 7000, 0),
('9017010317', 'NUT', 22000, 0),
('9017506013', 'NUT, WING', 14000, 0),
('9017608805', 'NUT, CROWN', 4500, 0),
('9017912248', 'NUT', 27000, 0),
('9017925033', 'NUT', 32000, 0),
('9017928415', 'NUT', 27000, 0),
('9018305807', 'NUT, SPRING', 3500, 0),
('9018508803', 'NUT, SELF-LOCKING', 7500, 0),
('9018510808', 'NUT, SELF-LOCKING', 11000, 0),
('9018510811', 'NUT, SELF-LOCKING', 6500, 0),
('9018514803', 'NUT, SELF-LOCKING', 44000, 0),
('9020105812', 'WASHER, PLATE', 5000, 0),
('9020106018', 'WASHER, PLATE', 5500, 0),
('9020106057', 'WASHER, PLATE', 9000, 0),
('9020106060', 'WASHER, PLATE', 8500, 0),
('9020106063', 'WASHER, PLATE', 15000, 0),
('9020106072', 'WASHER, PLATE', 7500, 0),
('9020106557', 'WASHER, PLATE', 8500, 0),
('90201077F5', 'WASHER, PLATE', 7000, 0),
('9020108088', 'WASHER, PLATE', 12000, 0),
('9020108609', 'WASHER, PLATE', 13000, 0),
('9020110018', 'WASHER, PLATE', 16000, 0),
('9020110118', 'WASHER, PLATE', 16000, 0),
('9020110119', 'WASHER, PLATE', 9500, 0),
('90201101J1', 'WASHER, PLATE', 17000, 0),
('9020112172', 'WASHER, PLATE', 18000, 0),
('9020112688', 'WASHER, PLATE', 11000, 0),
('9020115008', 'WASHER, PLATE', 15000, 0),
('9020115016', 'WASHER, PLATE', 15000, 0),
('90201154E8', 'WASHER, PLATE (T=1.0)', 11000, 0),
('9020116008', 'WASHER, PLATE', 8500, 0),
('9020120276', 'WASHER, PLATE (T=1.0)', 19000, 0),
('9020205193', 'WASHER, PLATE', 6000, 0),
('9020614093', 'WASHER, WAVE', 6500, 0),
('9020807052', 'WASHER, CONICAL SPRING', 13000, 0),
('9020812050', 'WASHER, CONICAL SPRING', 17000, 0),
('9020821002', 'WASHER, CONICAL SPRING', 33000, 0),
('9021414002', 'WASHER, CLAW', 23000, 0),
('9024008145', 'PIN, CLEVIS', 13000, 0),
('9024110015', 'PIN', 29000, 0),
('9024910002', 'PIN', 19000, 0),
('9024912008', 'PIN', 11000, 0),
('9028003017', 'KEY, WOODRUFF', 8000, 0),
('9034012808', 'PLUG, STRAIGHT SCREW', 6000, 0),
('9034032820', 'PLUG, STRAIGHT SCREW', 17000, 0),
('9038015800', 'BUSH, SOLID', 10000, 0),
('90387067V1', 'COLLAR', 6500, 0),
('9038706851', 'COLLAR', 5500, 0),
('9038708754', 'COLLAR', 8500, 0),
('9038710277', 'COLLAR', 31000, 0),
('9038715805', 'COLLAR', 23000, 0),
('9038716009', 'COLLAR', 144000, 0),
('9040110812', 'BOLT, UNION', 6000, 0),
('9043006014', 'GASKET', 9500, 0),
('9043008119', 'GASKET', 11000, 0),
('9044508810', 'HOSE', 28000, 0),
('9046111099', 'CLAMP', 5500, 0),
('9046412802', 'CLAMP', 8500, 0),
('9046416801', 'CLAMP', 5000, 0),
('9046436800', 'CLAMP', 3500, 0),
('9046470800', 'CLAMP', 5000, 0),
('9046513152', 'CLAMP', 7500, 0),
('9046516801', 'CLAMP', 10000, 0),
('9046708075', 'CLIP', 9500, 0),
('9046708801', 'CLIP', 4000, 0),
('9046709006', 'CLIP', 5500, 0),
('9046711106', 'CLIP', 8000, 0),
('9046712800', 'CLIP', 4000, 0),
('9046713806', 'CLIP', 3500, 0),
('9046716801', 'CLIP', 3500, 0),
('9048013018', 'GROMMET', 29000, 0),
('9048013428', 'GROMMET', 4000, 0),
('9048013867', 'GROMMET', 16000, 0),
('9048015800', 'GROMMET', 5000, 0),
('9050116003', 'SPRING, COMPRESSION', 12000, 0),
('9050116004', 'SPRING, COMPRESSION', 5000, 0),
('9050143002', 'SPRING, COMPRESSION', 111000, 0),
('9050612001', 'SPRING, TENSION', 5000, 0),
('9050615001', 'SPRING, TENSION', 5000, 0),
('9050620514', 'SPRING, TENSION', 15000, 0),
('9050635002', 'SPRING, TENSION', 31000, 0),
('9050832768', 'SPRING, TORSION', 23000, 0),
('9056010292', 'SPACER', 37000, 0),
('9131408020', 'BOLT', 8000, 0),
('9131408050', 'BOLT', 8000, 0),
('9131706012', 'BOLT', 4000, 0),
('9131706014', 'BOLT', 6000, 0),
('9131706016', 'BOLT', 8000, 0),
('9131706020', 'BOLT', 6000, 0),
('9131706025', 'BOLT', 7500, 0),
('9131706045', 'BOLT', 21000, 0),
('9140125015', 'PIN, COTTER', 6500, 0),
('9181014001', 'PIN, DOWEL', 7500, 0),
('9181014809', 'PIN, DOWEL', 4000, 0),
('9290204100', 'WASHER, SPRING', 4500, 0),
('9290306200', 'WASHER, PLAIN', 3500, 0),
('9290310200', 'WASHER, PLAIN', 8000, 0),
('9290704100', 'WASHER, SPRING', 6500, 0),
('9290705100', 'WASHER, SPRING', 6500, 0),
('9290706600', 'WASHER, PLATE', 3500, 0),
('9310121803', 'OIL SEAL', 37000, 0),
('9310215801', 'OIL SEAL', 5500, 0),
('9310217803', 'OIL SEAL', 26000, 0),
('9310219800', 'OIL SEAL', 11000, 0),
('9310222810', 'OIL SEAL', 39000, 0),
('9310226800', 'OIL SEAL', 7500, 0),
('9310433003', 'OIL SEAL', 64000, 0),
('9310620816', 'OIL SEAL', 8500, 0),
('9310628800', 'OIL SEAL', 8000, 0),
('9310628801', 'OIL SEAL', 8000, 0),
('9321006800', 'O-RING', 5000, 0),
('9321007802', 'O-RING', 5500, 0),
('9321009800', 'O-RING', 6500, 0),
('93210148H8', 'O-RING', 14000, 0),
('9321015862', 'O-RING', 9000, 0),
('9321025803', 'O-RING', 21000, 0),
('9321026668', 'O-RING', 24000, 0),
('9321029800', 'O-RING', 4500, 0),
('93210328G3', 'O-RING', 15000, 0),
('93210384A6', 'O-RING', 21000, 0),
('93210448G4', 'O-RING', 15000, 0),
('9321055669', 'O-RING', 38000, 0),
('9321071462', 'O-RING', 29000, 0),
('9321107800', 'O-RING', 5500, 0),
('93300638Y6', 'BEARING', 33000, 0),
('93306002X2', 'BEARING', 78000, 0),
('93306003X4', 'BEARING', 56000, 0),
('93306004XD', 'BEARING', 67000, 0),
('93306203YU', 'BEARING', 100000, 0),
('93306300X9', 'BEARING', 22000, 0),
('93306301YS', 'BEARING', 63000, 0),
('93306302X4', 'BEARING', 38000, 0),
('93306305X3', 'BEARING', 102000, 0),
('93306372Y2', 'BEARING', 140000, 0),
('93306809Y0', 'BEARING', 193000, 0),
('93310528Y8', 'BEARING', 96000, 0),
('93311315Y6', 'BEARING', 67000, 0),
('9341020070', 'CIRCLIP', 8000, 0),
('9344045827', 'CIRCLIP', 7000, 0),
('9345016068', 'CIRCLIP', 6000, 0),
('9360211144', 'PIN, DOWEL', 6500, 0),
('9410716801', 'TIRE (70/90-16M/C 36P)', 150000, 0),
('9410816801', 'TIRE (80/90-16M/C 43P)', 179000, 0),
('9420716801', 'TUBE (70/90-16 TR4)', 45000, 0),
('9420816801', 'TUBE (80/90-16 TR4)', 45000, 0),
('94568A6090', 'CHAIN', 66000, 0),
('9470000846', 'PLUG, SPARK (NGK CR7HSA)', 13500, 0),
('9502706008', 'BOLT, FLANGE', 6500, 0),
('9502706010', 'BOLT, FLANGE', 5500, 0),
('9502706012', 'BOLT, FLANGE', 4500, 0),
('9502706016', 'BOLT, FLANGE', 9000, 0),
('9502706020', 'BOLT, FLANGE', 4500, 0),
('9502706025', 'BOLT, FLANGE', 5000, 0),
('9502706035', 'BOLT, FLANGE', 7000, 0),
('9502706050', 'BOLT, FLANGE', 7000, 0),
('9502706060', 'BOLT, FLANGE', 6500, 0),
('9502706070', 'BOLT, FLANGE', 9500, 0),
('9502706100', 'BOLT, FLANGE', 17000, 0),
('9502708040', 'BOLT, FLANGE', 8000, 0),
('9502708080', 'BOLT, FLANGE', 14000, 0),
('9528706060', 'BOLT, FLANGE', 7000, 0),
('9530712700', 'NUT', 5000, 0),
('9560706100', 'NUT, U', 10000, 0),
('9560708200', 'NUT, SELF-LOCKING', 9500, 0),
('9560L10200', 'NUT, SELF-LOCKING', 6000, 0),
('9560L12200', 'NUT, SELF-LOCKING', 10500, 0),
('9560M06100', 'NUT, U', 16000, 0),
('9570706500', 'NUT, FLANGE', 4000, 0),
('9570708500', 'NUT, FLANGE', 15000, 0),
('9570710500', 'NUT, FLANGE', 6000, 0),
('9580706010', 'BOLT, FLANGE', 7000, 0),
('9580706012', 'BOLT, FLANGE', 5500, 0),
('9580706016', 'BOLT, FLANGE', 5000, 0),
('9580706025', 'BOLT, FLANGE', 5500, 0),
('9580708050', 'BOLT, FLANGE', 14000, 0),
('9581706050', 'BOLT, FLANGE', 11000, 0),
('9581708016', 'BOLT, FLANGE', 5500, 0),
('9581708035', 'BOLT, FLANGE', 6500, 0),
('9581708040', 'BOLT, FLANGE', 7500, 0),
('9581710040', 'BOLT, FLANGE', 13000, 0),
('9581710060', 'BOLT, FLANGE', 19000, 0),
('9582706020', 'BOLT, FLANGE', 5000, 0),
('9700706025', 'BOLT', 5500, 0),
('9760L04212', 'SCREW, PAN HEAD WITH WASHER', 6000, 0),
('9770750014', 'SCREW, TRUSS HEAD TAPPING', 4500, 0),
('9770760530', 'SCREW, TAPPING', 4500, 0),
('9770L40620', 'SCREW, TAPPING', 3000, 0),
('9770N50025', 'SCREW, TAPPING', 7500, 0),
('9778050014', 'SCREW, TAPPING', 6500, 0),
('9850204018', 'SCREW, PAN HEAD', 6500, 0),
('9850704008', 'SCREW, PAN HEAD', 16000, 0),
('9850704010', 'SCREW, PAN HEAD', 6500, 0),
('9850704014', 'SCREW, PAN HEAD', 4500, 0),
('9850705008', 'SCREW, PAN HEAD', 4000, 0),
('9850705010', 'SCREW, PAN HEAD', 3500, 0),
('9850705012', 'SCREW, PAN HEAD', 5000, 0),
('9850705020', 'SCREW, PAN HEAD', 4000, 0),
('9850706014', 'SCREW, PAN HEAD', 5000, 0),
('9850706016', 'SCREW, PAN HEAD', 4500, 0),
('9850706018', 'SCREW, PAN HEAD', 5500, 0),
('9850706020', 'SCREW, PAN HEAD', 6000, 0),
('9850706025', 'SCREW, PAN HEAD', 5000, 0),
('9850706040', 'SCREW, PAN HEAD', 8000, 0),
('9850M05030', 'SCREW, PAN HEAD', 3000, 0),
('9850M05040', 'SCREW, PAN HEAD', 5500, 0),
('9850M05050', 'SCREW, PAN HEAD', 5500, 0),
('9870M04012', 'SCREW, FLAT HEAD', 6500, 0),
('9890706010', 'SCREW, BIND', 4000, 0),
('9898006012', 'SCREW, BIND', 5500, 0),
('9900105600', 'CIRCLIP', 14000, 0),
('9900108600', 'CIRCLIP', 12000, 0),
('9900915400', 'CIRCLIP', 9000, 0),
('9900917400', 'CIRCLIP', 4500, 0),
('9948005010', 'PIN', 23000, 0),
('9953010114', 'PIN, DOWEL', 8500, 0);

-- --------------------------------------------------------

--
-- Table structure for table `pembelian`
--

CREATE TABLE IF NOT EXISTS `pembelian` (
  `no_transaksi` varchar(6) NOT NULL,
  `tanggal` varchar(17) NOT NULL,
  `no_faktur` varchar(10) NOT NULL,
  `toko` varchar(15) NOT NULL,
  `total` int(8) NOT NULL,
  PRIMARY KEY (`no_transaksi`)
) ENGINE=MyISAM DEFAULT CHARSET=utf8;

--
-- Dumping data for table `pembelian`
--

INSERT INTO `pembelian` (`no_transaksi`, `tanggal`, `no_faktur`, `toko`, `total`) VALUES
('PM0001', '03 Januari 2017', '3857378290', 'Wijaya Motor', 2058000),
('PM0002', '06 Januari 2017', '4758372812', 'Ramayana Motor', 131000),
('PM0003', '13 Januari 2017', '5864987463', 'Ramayana Motor', 410000),
('PM0004', '18 Januari 2017', '5943782917', 'Sarana Motor', 495000),
('PM0005', '20 Januari 2017', '2849372612', 'Sartika Motor', 121500),
('PM0006', '09 Februari 2017', '6787585564', 'Wijaya Motor', 1825000),
('PM0007', '15 Februari 2017', '8723948928', 'Wijaya Motor', 99000),
('PM0008', '16 Februari 2017', '3781798371', 'Sartika Motor', 846900),
('PM0009', '18 Februari 2017', '7878578345', 'Sarana Motor', 382000),
('PM0010', '21 Februari 2017', '7878778743', 'Wijaya Motor', 1666500),
('PM0011', '05 Maret 2017', '7877543657', 'Sartika Motor', 81450),
('PM0012', '06 Maret 2017', '6898989536', 'Sarana Motor', 256000),
('PM0013', '10 Maret 2017', '5839584938', 'Ramayana Motor', 30000),
('PM0014', '21 Maret 2017', '5839647586', 'Sartika Motor', 52650),
('PM0015', '30 Maret 2017', '7878758937', 'Sarana Motor', 111000),
('PM0016', '04 April 2017', '6978723487', 'Ramayana Motor', 92000),
('PM0017', '17 April 2017', '4787987598', 'Ramayana Motor', 842000),
('PM0018', '24 April 2017', '7878263542', 'Wijaya Motor', 348000),
('PM0019', '27 April 2017', '7483389475', 'Sarana Motor', 141500),
('PM0020', '30 April 2017', '4738478596', 'Sarana Motor', 189000),
('PM0021', '01 Mei 2017', '784569032', 'Sarana Motor', 220000),
('PM0022', '02 Mei 2017', '4749473521', 'Sarana Motor', 117000),
('PM0023', '11 Mei 2017', '7847289124', 'Ramayana Motor', 76000),
('PM0024', '16 Mei 2017', '7836489503', 'Sartika Motor', 30600),
('PM0025', '25 Mei 2017', '7836489503', 'Sarana Motor', 129000),
('PM0026', '02 Juni 2017', '4732389402', 'Ramayana Motor', 136000),
('PM0027', '03 Juni 2017', '8493637583', 'Wijaya Motor', 33000),
('PM0028', '13 Juni 2017', '8957378395', 'Ramayana Motor', 103500),
('PM0029', '16 Juni 2017', '7849278264', 'Sarana Motor', 54500),
('PM0030', '22 Juni 2017', '7826189273', 'Ramayana Motor', 190000),
('PM0031', '11 Juli 2017', '7836189283', 'Wijaya Motor', 287000),
('PM0032', '12 Juli 2017', '8392728492', 'Sarana Motor', 342000),
('PM0033', '18 Juli 2017', '4738378261', 'Wijaya Motor', 69000),
('PM0034', '21 Juli 2017', '4839273648', 'Sartika Motor', 279000),
('PM0035', '25 Juli 2017', '8493277384', 'Ramayana Motor', 105000),
('PM0036', '01 Agustus 2017', '8936287127', 'Ramayana Motor', 69000),
('PM0037', '02 Agustus 2017', '8946338472', 'Sarana Motor', 618000),
('PM0038', '03 Agustus 2017', '6627188293', 'Ramayana Motor', 157000),
('PM0039', '05 Agustus 2017', '4832167826', 'Sartika Motor', 464400),
('PM0040', '06 Agustus 2017', '7385278162', 'Wijaya Motor', 348000),
('PM0041', '07 Agustus 2017', '8392199290', 'Ramayana Motor', 33500),
('PM0042', '08 Agustus 2017', '1125637894', 'Sarana Motor', 44000),
('PM0043', '09 Agustus 2017', '2673287263', 'Sartika Motor', 203400),
('PM0044', '10 Agustus 2017', '7483789162', 'Sartika Motor', 121500),
('PM0045', '11 Agustus 2017', '7483290192', 'Wijaya Motor', 1410000),
('PM0046', '12 Agustus 2017', '6453298721', 'Ramayana Motor', 385500),
('PM0047', '13 Agustus 2017', '7382182712', 'Wijaya Motor', 904000),
('PM0048', '14 Agustus 2017', '5643769842', 'Sartika Motor', 180000),
('PM0049', '15 Agustus 2017', '4738298726', 'Sarana Motor', 238000),
('PM0050', '16 Agustus 2017', '8594372810', 'Wijaya Motor', 388000);

-- --------------------------------------------------------

--
-- Table structure for table `pengaruh`
--

CREATE TABLE IF NOT EXISTS `pengaruh` (
  `no_transaksi` varchar(6) DEFAULT NULL,
  `kode_barang` varchar(12) DEFAULT NULL,
  `nama_barang` varchar(30) DEFAULT NULL,
  `harga` int(7) DEFAULT NULL,
  `jumlah` int(3) DEFAULT NULL
) ENGINE=MyISAM DEFAULT CHARSET=utf8;

--
-- Dumping data for table `pengaruh`
--

INSERT INTO `pengaruh` (`no_transaksi`, `kode_barang`, `nama_barang`, `harga`, `jumlah`) VALUES
('PM0001', '5LW1661101', 'CLUTCH HOUSING COMP.', 376000, 4),
('PM0001', '1P78256000', 'THERMO SWITCH ASSY', 277000, 2),
('PM0002', '1P7F155200', 'FENDER, INNER', 131000, 1),
('PM0003', '1P78256000', 'THERMO SWITCH ASSY', 277000, 1),
('PM0003', '1P71491900', 'CLIP', 133000, 1),
('PM0004', '2D5F17310033', 'COVER, SIDE 3', 113000, 1),
('PM0004', '1P7F161100', 'FENDER, REAR', 114000, 3),
('PM0004', '22F1215900', 'SCREW, VALVE ADJUSTING', 20000, 2),
('PM0005', '1562341200', 'RACE, BALL 2', 27000, 5),
('PM0006', '5LW1661101', 'CLUTCH HOUSING COMP.', 376000, 2),
('PM0006', '2D5F47730035', 'HANDLE, SEAT', 269000, 3),
('PM0006', '1P7E358500', 'MANIFOLD', 266000, 1),
('PM0007', '1642221600', 'BUSH, REAR SHOCK ABSORBER', 19000, 5),
('PM0007', '4STE443E00', 'PIPE, DRAIN', 4000, 1),
('PM0008', '5LW1662002', 'CLUTCH CARRIER ASSY', 632000, 1),
('PM0008', '2D5F47730035', 'HANDLE, SEAT', 269000, 1),
('PM0008', '2D5F588600', 'HOLDER, BRAKE HOSE', 20000, 2),
('PM0009', '1P7F155200', 'FENDER, INNER', 131000, 2),
('PM0009', '1P7E445300', 'JOINT, AIR CLEANER 1', 120000, 1),
('PM0010', '1P78256000', 'THERMO SWITCH ASSY', 277000, 6),
('PM0010', '9770750014', 'SCREW, TRUSS HEAD TAPPING', 4500, 1),
('PM0011', '1562341200', 'RACE, BALL 2', 27000, 3),
('PM0011', '2D5H554600', 'BAND', 9500, 1),
('PM0012', '1P7F155200', 'FENDER, INNER', 131000, 1),
('PM0012', '1P71410500', 'PILOT SCREW SET', 125000, 1),
('PM0013', '2D5H554600', 'BAND', 9500, 3),
('PM0013', '5MXE355601', 'GASKET, MANIFOLD', 1500, 1),
('PM0014', '5LMF744400', 'COVER, REAR FOOTREST', 13000, 4),
('PM0014', '5LWE444900', 'COLLAR', 6500, 1),
('PM0015', '9038710277', 'COLLAR', 31000, 1),
('PM0015', '2D5F588600', 'HOLDER, BRAKE HOSE', 20000, 4),
('PM0016', '9011608806', 'BOLT, STUD', 5000, 8),
('PM0016', '9010906799', 'BOLT', 13000, 4),
('PM0017', '1P71419600', 'PIPE', 210000, 1),
('PM0017', '5LW1662002', 'CLUTCH CARRIER ASSY', 632000, 1),
('PM0018', '2D5F831110P2', 'LEG SHIELD 1', 348000, 1),
('PM0019', '2D5H554600', 'BAND', 9500, 1),
('PM0019', '94568A6090', 'CHAIN', 66000, 2),
('PM0020', '9017912248', 'NUT', 27000, 7),
('PM0021', '1P72212400', 'BUSH 2', 220000, 1),
('PM0022', '9010906799', 'BOLT', 13000, 9),
('PM0023', '18G2341100', 'RACE, BALL 1', 70000, 1),
('PM0023', '4SV2445300', 'SCREW', 6000, 1),
('PM0024', '1AA1211800', 'COTTER, VALVE', 8500, 4),
('PM0025', '5LMF311100', 'BOLT, CAP', 43000, 3),
('PM0026', '1642221600', 'BUSH, REAR SHOCK ABSORBER', 19000, 1),
('PM0026', '9310222810', 'OIL SEAL', 39000, 3),
('PM0027', '9020112688', 'WASHER, PLATE', 11000, 3),
('PM0028', '9560L12200', 'NUT, SELF-LOCKING', 10500, 3),
('PM0028', '9321026668', 'O-RING', 24000, 3),
('PM0029', '9898006012', 'SCREW, BIND', 5500, 7),
('PM0029', '9890706010', 'SCREW, BIND', 4000, 4),
('PM0030', '9321055669', 'O-RING', 38000, 5),
('PM0031', '2D5F711100', 'STAND, MAIN', 138000, 1),
('PM0031', '2D5E461000', 'EXHAUST PIPE ASSY 1', 149000, 1),
('PM0032', '1P7F161100', 'FENDER, REAR', 114000, 3),
('PM0033', '9020112172', 'WASHER, PLATE', 18000, 1),
('PM0033', '5LWE332500', 'GEAR, PUMP DRIVEN', 30000, 1),
('PM0033', '9560L12200', 'NUT, SELF-LOCKING', 10500, 2),
('PM0034', '2D5F711100', 'STAND, MAIN', 138000, 1),
('PM0034', '22F1215110', 'ARM, VALVE ROCKER', 86000, 2),
('PM0035', '33M1211700', 'RETAINER, VALVE SPRING', 21000, 5),
('PM0036', '2D5E488100', 'HOSE, BEND 1', 7500, 2),
('PM0036', '1562341200', 'RACE, BALL 2', 27000, 2),
('PM0037', '2D5F711100', 'STAND, MAIN', 138000, 2),
('PM0037', '1P7F161100', 'FENDER, REAR', 114000, 3),
('PM0038', '5LMF311100', 'BOLT, CAP', 43000, 3),
('PM0038', '5LWE345200', 'COVER, ROTOR FILTER', 7000, 4),
('PM0039', '1642221600', 'BUSH, REAR SHOCK ABSORBER', 19000, 4),
('PM0039', '1P72212400', 'BUSH 2', 220000, 2),
('PM0040', '1P7E533300', 'COVER', 87000, 4),
('PM0041', '1AA1211800', 'COTTER, VALVE', 8500, 3),
('PM0041', '4STE443E00', 'PIPE, DRAIN', 4000, 2),
('PM0042', '5LW1765300', 'SLIDER', 11000, 4),
('PM0043', '5VVE223100', 'GUIDE, STOPPER 1', 55000, 4),
('PM0043', '1T8F315600', 'CLIP, OIL SEAL', 3000, 2),
('PM0044', '9017912248', 'NUT', 27000, 5),
('PM0045', '2D5H554000', 'C.D.I. UNIT ASSY', 470000, 3),
('PM0046', '2D5H554600', 'BAND', 9500, 1),
('PM0046', '9010906799', 'BOLT', 13000, 4),
('PM0046', '2D5F835600', 'STAY 1', 157000, 2),
('PM0046', '5LWE265100', 'AIR SHROUD, CYLINDER 1', 10000, 1),
('PM0047', '5LW1662002', 'CLUTCH CARRIER ASSY', 632000, 1),
('PM0047', '2D5F614300P2', 'COVER, HANDLEBAR UPPER 1', 136000, 2),
('PM0048', '1P7F161100', 'FENDER, REAR', 114000, 1),
('PM0048', '22F1215110', 'ARM, VALVE ROCKER', 86000, 1),
('PM0049', '2D5F171E0033', 'COVER, SIDE 5', 38000, 1),
('PM0049', '2D5F17310033', 'COVER, SIDE 3', 113000, 1),
('PM0049', '1P7E533300', 'COVER', 87000, 1),
('PN0001', '1P78256000', 'THERMO SWITCH ASSY', 304700, 2),
('PN0001', '5LW1661101', 'CLUTCH HOUSING COMP.', 406000, 4),
('PN0002', '1P7F155200', 'FENDER, INNER', 144100, 1),
('PN0003', '1P78256000', 'THERMO SWITCH ASSY', 304700, 1),
('PN0003', '1P71491900', 'CLIP', 146300, 1),
('PN0004', '2D5F17310033', 'COVER, SIDE 3', 124300, 1),
('PN0004', '1P7F161100', 'FENDER, REAR', 125400, 3),
('PN0004', '22F1215900', 'SCREW, VALVE ADJUSTING', 22000, 2),
('PN0005', '1562341200', 'RACE, BALL 2', 29700, 5),
('PN0006', '5LW1661101', 'CLUTCH HOUSING COMP.', 406000, 2),
('PN0006', '2D5F47730035', 'HANDLE, SEAT', 295900, 3),
('PN0006', '1P7E358500', 'MANIFOLD', 292600, 1),
('PN0007', '1642221600', 'BUSH, REAR SHOCK ABSORBER', 20900, 5),
('PN0007', '4STE443E00', 'PIPE, DRAIN', 4400, 1),
('PN0008', '5LW1662002', 'CLUTCH CARRIER ASSY', 662000, 1),
('PN0008', '2D5F47730035', 'HANDLE, SEAT', 295900, 1),
('PN0008', '2D5F588600', 'HOLDER, BRAKE HOSE', 22000, 2),
('PN0009', '1P7F155200', 'FENDER, INNER', 144100, 2),
('PN0009', '1P7E445300', 'JOINT, AIR CLEANER 1', 132000, 1),
('PN0010', '1P78256000', 'THERMO SWITCH ASSY', 304700, 6),
('PN0010', '9770750014', 'SCREW, TRUSS HEAD TAPPING', 4950, 1),
('PN0011', '1562341200', 'RACE, BALL 2', 29700, 3),
('PN0011', '2D5H554600', 'BAND', 10450, 1),
('PN0012', '1P7F155200', 'FENDER, INNER', 144100, 1),
('PN0012', '1P71410500', 'PILOT SCREW SET', 137500, 1),
('PN0013', '2D5H554600', 'BAND', 10450, 3),
('PN0013', '5MXE355601', 'GASKET, MANIFOLD', 1650, 1),
('PN0014', '5LMF744400', 'COVER, REAR FOOTREST', 14300, 4),
('PN0014', '5LWE444900', 'COLLAR', 7150, 1),
('PN0015', '9038710277', 'COLLAR', 34100, 1),
('PN0015', '2D5F588600', 'HOLDER, BRAKE HOSE', 22000, 4),
('PN0016', '9011608806', 'BOLT, STUD', 5500, 8),
('PN0016', '9010906799', 'BOLT', 14300, 4),
('PN0017', '1P71419600', 'PIPE', 231000, 1),
('PN0017', '5LW1662002', 'CLUTCH CARRIER ASSY', 662000, 1),
('PN0018', '2D5F831110P2', 'LEG SHIELD 1', 378000, 1),
('PN0019', '2D5H554600', 'BAND', 10450, 1),
('PN0019', '94568A6090', 'CHAIN', 72600, 2),
('PN0020', '9017912248', 'NUT', 29700, 7),
('PN0021', '1P72212400', 'BUSH 2', 242000, 1),
('PN0022', '9010906799', 'BOLT', 14300, 9),
('PN0023', '18G2341100', 'RACE, BALL 1', 77000, 1),
('PN0023', '4SV2445300', 'SCREW', 6600, 1),
('PN0024', '1AA1211800', 'COTTER, VALVE', 9350, 4),
('PN0025', '5LMF311100', 'BOLT, CAP', 47300, 3),
('PN0026', '1642221600', 'BUSH, REAR SHOCK ABSORBER', 20900, 1),
('PN0026', '9310222810', 'OIL SEAL', 42900, 3),
('PN0027', '9020112688', 'WASHER, PLATE', 12100, 3),
('PN0028', '9560L12200', 'NUT, SELF-LOCKING', 11550, 3),
('PN0028', '9321026668', 'O-RING', 26400, 3),
('PN0029', '9898006012', 'SCREW, BIND', 6050, 7),
('PN0029', '9890706010', 'SCREW, BIND', 4400, 4),
('PN0030', '9321055669', 'O-RING', 41800, 5),
('PN0031', '2D5F711100', 'STAND, MAIN', 151800, 1),
('PN0031', '2D5E461000', 'EXHAUST PIPE ASSY 1', 163900, 1),
('PN0032', '1P7F161100', 'FENDER, REAR', 125400, 3),
('PN0033', '9020112172', 'WASHER, PLATE', 19800, 1),
('PN0033', '5LWE332500', 'GEAR, PUMP DRIVEN', 33000, 1),
('PN0033', '9560L12200', 'NUT, SELF-LOCKING', 11550, 2),
('PN0034', '2D5F711100', 'STAND, MAIN', 151800, 1),
('PN0034', '22F1215110', 'ARM, VALVE ROCKER', 94600, 2),
('PN0035', '33M1211700', 'RETAINER, VALVE SPRING', 23100, 5),
('PN0036', '2D5E488100', 'HOSE, BEND 1', 8250, 2),
('PN0036', '1562341200', 'RACE, BALL 2', 29700, 2),
('PN0037', '2D5F711100', 'STAND, MAIN', 151800, 2),
('PN0037', '1P7F161100', 'FENDER, REAR', 125400, 3),
('PN0038', '5LMF311100', 'BOLT, CAP', 47300, 3),
('PN0038', '5LWE345200', 'COVER, ROTOR FILTER', 7700, 4),
('PN0039', '1642221600', 'BUSH, REAR SHOCK ABSORBER', 20900, 4),
('PN0039', '1P72212400', 'BUSH 2', 242000, 2),
('PN0040', '1P7E533300', 'COVER', 95700, 4),
('PN0041', '1AA1211800', 'COTTER, VALVE', 9350, 3),
('PN0041', '4STE443E00', 'PIPE, DRAIN', 4400, 2),
('PN0042', '5LW1765300', 'SLIDER', 12100, 4),
('PN0043', '5VVE223100', 'GUIDE, STOPPER 1', 60500, 4),
('PN0043', '1T8F315600', 'CLIP, OIL SEAL', 3300, 2),
('PN0044', '9017912248', 'NUT', 29700, 5),
('PN0045', '2D5H554000', 'C.D.I. UNIT ASSY', 500000, 3),
('PN0046', '2D5H554600', 'BAND', 10450, 1),
('PN0046', '9010906799', 'BOLT', 14300, 4),
('PN0046', '2D5F835600', 'STAY 1', 172700, 2),
('PN0046', '5LWE265100', 'AIR SHROUD, CYLINDER 1', 11000, 1),
('PN0047', '5LW1662002', 'CLUTCH CARRIER ASSY', 662000, 1),
('PN0047', '2D5F614300P2', 'COVER, HANDLEBAR UPPER 1', 149600, 2),
('PN0048', '1P7F161100', 'FENDER, REAR', 125400, 1),
('PN0048', '22F1215110', 'ARM, VALVE ROCKER', 94600, 1),
('PN0049', '2D5F171E0033', 'COVER, SIDE 5', 41800, 1),
('PN0049', '2D5F17310033', 'COVER, SIDE 3', 124300, 1),
('PN0049', '1P7E533300', 'COVER', 95700, 1),
('PM0050', '18G2341100', 'RACE, BALL 1', 70000, 4),
('PM0050', '1562341200', 'RACE, BALL 2', 27000, 4),
('PN0050', '18G2341100', 'RACE, BALL 1', 77000, 4),
('PN0050', '1562341200', 'RACE, BALL 2', 29700, 4);

-- --------------------------------------------------------

--
-- Table structure for table `penjualan`
--

CREATE TABLE IF NOT EXISTS `penjualan` (
  `no_transaksi` varchar(6) NOT NULL,
  `tanggal` varchar(17) NOT NULL,
  `nama` varchar(30) NOT NULL,
  `alamat` varchar(80) DEFAULT NULL,
  `kurir` varchar(12) DEFAULT NULL,
  `ongkir` int(7) DEFAULT NULL,
  `no_resi` varchar(16) DEFAULT NULL,
  `total` int(8) NOT NULL,
  PRIMARY KEY (`no_transaksi`)
) ENGINE=MyISAM DEFAULT CHARSET=utf8;

--
-- Dumping data for table `penjualan`
--

INSERT INTO `penjualan` (`no_transaksi`, `tanggal`, `nama`, `alamat`, `kurir`, `ongkir`, `no_resi`, `total`) VALUES
('PN0001', '04 Januari 2017', 'Yusuf', 'Kp. Serab No. 65 Sukmajaya Depok 16412', 'JNE REGULER', 9000, '8372678916217284', 2233400),
('PN0002', '07 Januari 2017', 'Ardi', '', '', 0, '', 144100),
('PN0003', '14 Januari 2017', 'Bachtiar', '', '', 0, '', 451000),
('PN0004', '19 Januari 2017', 'Mahadin', '', '', 0, '', 544500),
('PN0005', '21 Agustus 2017', 'Jatirahman', 'Jl. Kemerdekaan No. 20 Sukmajaya Depok 2', 'JNE YES', 18000, '1632893672189271', 148500),
('PN0006', '10 Februari 2017', 'Dimas', '', '', 0, '', 1992300),
('PN0007', '16 Februari 2017', 'Imam', '', '', 0, '', 108900),
('PN0008', '17 Februari 2017', 'Saputra', 'Jl. Setiabudi No. 20 Jakarta Selatan', 'JNE REGULER', 9000, '4738291028473721', 1001900),
('PN0009', '19 Agustus 2017', 'Hendri', '', '', 0, '', 420200),
('PN0010', '22 Februari 2017', 'Abi', '', '', 0, '', 1833150),
('PN0011', '06 Maret 2017', 'Rafdi', '', '', 0, '', 99550),
('PN0012', '07 Maret 2017', 'Pramudya', 'Jl. Shaleh No. 70 Beji Depok', 'JNE YES', 18000, '7382917263847594', 281600),
('PN0013', '11 Maret 2017', 'Maulana', '', '', 0, '', 33000),
('PN0014', '22 Maret 2017', 'Marihot', '', '', 0, '', 64350),
('PN0015', '31 Maret 2017', 'Salomo', 'Jl. Pelni No. 2 Juanda Depok', '', 0, '', 122100),
('PN0016', '05 April 2017', 'Sinambela', '', '', 0, '', 101200),
('PN0017', '18 April 2017', 'Indri', 'Jl. Al-Amin No.20 Depok 16311', 'JNE REGULER', 8000, '2718839271954738', 893000),
('PN0018', '25 April 2017', 'Pebriyanti', '', '', 0, '', 378000),
('PN0019', '28 April 2017', 'Aji', '', '', 0, '', 155650),
('PN0020', '31 Maret 2017', 'Suryo', 'Kp. Sawah No. 25 Sukmajaya Depok 16412', '', 0, '', 207900),
('PN0021', '02 Mei 2017', 'Sumirat', '', '', 0, '', 242000),
('PN0022', '03 Mei 2017', 'Johan', 'Jl. Soekarno No. 16 Tapos Depok', '', 0, '', 128700),
('PN0023', '12 Mei 2017', 'Dwi', '', '', 0, '', 83600),
('PN0024', '17 Mei 2017', 'Prasetya', 'Jl. Keadilan No. 22 Beji Depok', 'JNE YES', 18000, '2819284738290182', 37400),
('PN0025', '26 Mei 2017', 'Rinu', '', '', 0, '', 141900),
('PN0026', '03 Juni 2017', 'Cahyo', '', '', 0, '', 149600),
('PN0027', '04 Juni 2017', 'Muhammad', '', '', 0, '', 36300),
('PN0028', '14 Juni 2017', 'Saefulloh', 'Jl. Kemerdekaan No. 12 Depok 16415', 'JNE REGULER', 8000, '3627184727289172', 113850),
('PN0029', '17 Juni 2017', 'Aldo', '', '', 0, '', 59950),
('PN0030', '23 Juni 2017', 'Hardiansyah', 'Jl. Kegangsaan Timur No. 65 Jakarta Pusat', 'JNE REGULER', 8000, '2617364372819281', 209000),
('PN0031', '12 Juli 2017', 'Aditya', 'Jl. Pengasinan No. 20 Depok 16411', 'JNE YES', 18000, '2271829374638271', 315700),
('PN0032', '13 Juli 2017', 'Eka', '', '', 0, '', 376200),
('PN0033', '19 Juli 2017', 'Pratama', '', '', 0, '', 75900),
('PN0034', '22 Juli 2017', 'Akbar', '', '', 0, '', 341000),
('PN0035', '26 Juli 2017', 'Adhinugroho', 'Jl. Kemanan No. 12 Depok 16454', 'JNE YES', 18000, '1123849392819281', 115500),
('PN0036', '02 Agustus 2017', 'Tio', '', '', 0, '', 75900),
('PN0037', '03 Agustus 2017', 'Rizky', '', '', 0, '', 679800),
('PN0038', '04 Agustus 2017', 'Almunazir', '', '', 0, '', 172700),
('PN0039', '06 Agustus 2017', 'Januardi', 'Komplek Regency No. 24 Blok A 16457', 'JNE REGULER', 8000, '3672817394858594', 567600),
('PN0040', '07 Agustus 2017', 'Ahmad', 'Jl. Utan Panjang No. 44 Depok 16439', 'JNE REGULER', 8000, '4859474788932910', 382800),
('PN0041', '08 Agustus 2017', 'Rabi', 'Jl. Negeri No. 76 Depok 16514', 'JNE YES', 18000, '2817284900593921', 36850),
('PN0042', '09 Agustus 2017', 'Awaludin', '', '', 0, '', 48400),
('PN0043', '10 Agustus 2017', 'Wahyu', '', '', 0, '', 248600),
('PN0044', '11 Agustus 2017', 'Hardimas', 'Jl. Keagungan No. 44 Depok 16452', '', 0, '', 148500),
('PN0045', '12 Agustus 2017', 'Mardani', '', '', 0, '', 1500000),
('PN0046', '13 Agustus 2017', 'Sri', 'Jl. Rangkapan Jaya No. 12 Depok 16421', 'JNE REGULER', 8000, '3849586732120019', 424050),
('PN0047', '14 Agustus 2017', 'Hartati', '', '', 0, '', 961200),
('PN0048', '15 Agustus 2017', 'Widya', '', '', 0, '', 220000),
('PN0049', '16 Agustus 2017', 'Ningsih', 'Jl. Ragajaya No. 34 Depok 16414', 'JNE YES', 18000, '2819273847589473', 261800),
('PN0050', '16 Agustus 2017', 'Naruto', '', '', 0, '', 426800);

-- --------------------------------------------------------

--
-- Table structure for table `user`
--

CREATE TABLE IF NOT EXISTS `user` (
  `password` varchar(255) NOT NULL,
  PRIMARY KEY (`password`)
) ENGINE=MyISAM DEFAULT CHARSET=latin1;

--
-- Dumping data for table `user`
--

INSERT INTO `user` (`password`) VALUES
('$2y$10$wW/MM/Urhe/N8cM2b7Q.Zem1d8DZLhnSBw3vAipSqTepOxeNJk30u');

/*!40101 SET CHARACTER_SET_CLIENT=@OLD_CHARACTER_SET_CLIENT */;
/*!40101 SET CHARACTER_SET_RESULTS=@OLD_CHARACTER_SET_RESULTS */;
/*!40101 SET COLLATION_CONNECTION=@OLD_COLLATION_CONNECTION */;
